{
  "biases": [
    1.1000000000000032,
    1.400000000000004,
    1.0000000000000036
  ],
  "cal_f1": [
    0.45161290322580644,
    0.5111561866125761,
    0.35379061371841153
  ],
  "mean_cal_f1": 0.4388532345189313
}