split,num_samples,D_pos_count,D_pos_rate,A_pos_count,A_pos_rate,S_pos_count,S_pos_rate,all_zero_rate,DA_pos_rate,DS_pos_rate,AS_pos_rate,DAS_all_pos_rate,num_positive_0_rate,num_positive_1_rate,num_positive_2_rate,num_positive_3_rate
train,4200,905,0.2154761904761905,1186,0.2823809523809524,540,0.12857142857142856,0.6826190476190476,0.18428571428571427,0.10833333333333334,0.11952380952380952,0.1030952380952381,0.6826190476190476,0.11142857142857143,0.10285714285714286,0.1030952380952381
val,600,129,0.215,170,0.2833333333333333,78,0.13,0.6833333333333333,0.185,0.11,0.12166666666666667,0.105,0.6833333333333333,0.11,0.10166666666666667,0.105
