{
  "biases": [
    0.10000000000000275,
    0.6000000000000032,
    0.30000000000000293
  ],
  "cal_f1": [
    0.4605087014725569,
    0.5267034990791897,
    0.29545454545454547
  ],
  "mean_cal_f1": 0.4275555820020973
}