{
  "biases": [
    -0.3999999999999977,
    0.10000000000000275,
    -0.699999999999998
  ],
  "cal_f1": [
    0.4358523725834798,
    0.4821648216482165,
    0.32450331125827814
  ],
  "mean_cal_f1": 0.4141735018299915
}