checkpoint,epoch,selection_reason,bias_file,bias_D,bias_A,bias_S,raw_f1,calibrated_f1,auroc,checkpoint_sha256
best_auroc.pt,8,best_auroc,checkpoints/best_auroc.bias.json,-0.3999999999999977,0.10000000000000275,-0.699999999999998,0.40289781901445226,0.4141735018299915,0.7157715419013525,f01a8a2d8be1fdf5030d249610e75e516759517cf07150e5b0d204fe2e980d3f
best_calibrated_f1.pt,7,best_calibrated_f1,checkpoints/best_calibrated_f1.bias.json,0.9000000000000035,0.9000000000000035,1.2000000000000037,0.007017543859649123,0.4153655152211224,0.7125094598942883,5d665f3ff859e9e8e18d1a1226415592610c91012312ffb005478c7c604ef159
best_raw_f1.pt,8,best_raw_f1,checkpoints/best_raw_f1.bias.json,-0.3999999999999977,0.10000000000000275,-0.699999999999998,0.40289781901445226,0.4141735018299915,0.7157715419013525,2379912ef77925808720fc22ce0b96ed0b3fe620eb0550f7dc11f751d8c98e39
best_robust.pt,8,best_robust,checkpoints/best_robust.bias.json,-0.3999999999999977,0.10000000000000275,-0.699999999999998,0.40289781901445226,0.4141735018299915,0.7157715419013525,62893bcdeb520973f5a57f0021f147e8670ea57a2a19460afa20f526bd8e3db6
last.pt,15,last,checkpoints/last.bias.json,0.5000000000000031,1.1000000000000032,0.6000000000000032,0.34803985076564486,0.3959134683055788,0.6965096271467025,03fc8d34596d93b9f00934c96282ba93b41089fbba6982384c4064cc494a3cf0
