{
  "biases": [
    0.5000000000000031,
    1.900000000000004,
    1.0000000000000036
  ],
  "cal_f1": [
    0.46405228758169936,
    0.5101351351351351,
    0.3511450381679389
  ],
  "mean_cal_f1": 0.44177748696159114
}