{
  "biases": [
    1.5000000000000036,
    1.0000000000000036,
    1.2000000000000037
  ],
  "cal_f1": [
    0.4605543710021322,
    0.5381526104417671,
    0.359375
  ],
  "mean_cal_f1": 0.4526939938146331
}