{
  "biases": [
    0.10000000000000275,
    -0.09999999999999742,
    0.30000000000000293
  ],
  "cal_f1": [
    0.4339622641509434,
    0.4860759493670886,
    0.3190394511149228
  ],
  "mean_cal_f1": 0.41302588821098496
}