checkpoint,epoch,selection_reason,bias_file,bias_D,bias_A,bias_S,raw_f1,calibrated_f1,auroc,checkpoint_sha256
best_auroc.pt,17,best_auroc,checkpoints/best_auroc.bias.json,1.400000000000004,1.0000000000000036,1.1000000000000032,0.3966517791416497,0.41923080020293674,0.6906127666699416,0386a0253a682a9c8f234d76191d52d5706f8ceb2a4a1a5923b33bab42977713
best_calibrated_f1.pt,11,best_calibrated_f1,checkpoints/best_calibrated_f1.bias.json,1.0000000000000036,1.1000000000000032,1.1000000000000032,0.09588916766455684,0.41942946080304205,0.6867335370185256,35b87d667c23150d3dfc2c7a56140bdee2d51a1615c3353a73a81909d7ef1a6a
best_raw_f1.pt,13,best_raw_f1,checkpoints/best_raw_f1.bias.json,0.10000000000000275,-0.09999999999999742,0.30000000000000293,0.40539111126446326,0.41302588821098496,0.6852363965741978,c3f6e5418d4043ca4e3b9a3bf281ccd3850de499b1f8a6c4f8bfae23f45dca23
best_robust.pt,13,best_robust,checkpoints/best_robust.bias.json,0.10000000000000275,-0.09999999999999742,0.30000000000000293,0.40539111126446326,0.41302588821098496,0.6852363965741978,48264535995757d1b0e1a3b99e3f73c6b695829c1b7bf7d707c62fc7bef366e6
last.pt,19,last,checkpoints/last.bias.json,0.7000000000000033,0.7000000000000033,1.1000000000000032,0.36899788428706826,0.397248900894124,0.6664185103283217,4143f27d3d0eef644df6b03d0f6439f3daf8aa1531472acbf745f2045e69681a
