{
  "biases": [
    0.8000000000000034,
    1.8000000000000043,
    1.2000000000000037
  ],
  "cal_f1": [
    0.4681933842239186,
    0.5175292153589316,
    0.3372093023255814
  ],
  "mean_cal_f1": 0.4409773006361439
}