checkpoint_name,epoch,raw_mean_f1,macro_auroc,full_calibrated_mean_f1,reference_f1_raw,recommended_default_submission
best_raw_f1.pt,13,0.4310630135111477,0.6936640434747504,0.4381733732210118,0.4310630135111477,False
best_auc.pt,10,0.38994915395515545,0.6967993952068476,0.44368765049879594,0.38994915395515545,False
