{
  "biases": [
    1.1000000000000032,
    1.5000000000000036,
    1.2000000000000037
  ],
  "cal_f1": [
    0.45685279187817257,
    0.5171790235081374,
    0.3466666666666667
  ],
  "mean_cal_f1": 0.4402328273509922
}