{
  "n": 1200,
  "D": {
    "prob_mean": 0.4520547472468267,
    "prob_std": 0.3123299654000262,
    "p10": 0.04864086993038655,
    "p50": 0.5192281305789948,
    "p90": 0.8308136224746706,
    "pred_pos@0.5": 0.5141666666666667
  },
  "A": {
    "prob_mean": 0.5175839088112116,
    "prob_std": 0.24547213303998228,
    "p10": 0.18784675002098083,
    "p50": 0.5762558579444885,
    "p90": 0.8135793209075928,
    "pred_pos@0.5": 0.5541666666666667
  },
  "S": {
    "prob_mean": 0.35439328643959017,
    "prob_std": 0.24105507076755867,
    "p10": 0.061244671791791924,
    "p50": 0.3623853623867035,
    "p90": 0.6773030519485476,
    "pred_pos@0.5": 0.35083333333333333
  }
}