{
  "n": 1200,
  "D": {
    "prob_mean": 0.2898814498041368,
    "prob_std": 0.21356753769781772,
    "p10": 0.024836224876344206,
    "p50": 0.285611167550087,
    "p90": 0.5816832900047304,
    "pred_pos@0.5": 0.22666666666666666
  },
  "A": {
    "prob_mean": 0.4618449833779596,
    "prob_std": 0.25919635616099496,
    "p10": 0.10230471193790436,
    "p50": 0.4990234375,
    "p90": 0.7866883158683777,
    "pred_pos@0.5": 0.49916666666666665
  },
  "S": {
    "prob_mean": 0.26549214001880805,
    "prob_std": 0.20444704562543461,
    "p10": 0.02931223064661026,
    "p50": 0.2302275002002716,
    "p90": 0.5607565760612491,
    "pred_pos@0.5": 0.17583333333333334
  }
}