{
  "biases": [
    2.6645352591003757e-15,
    1.2000000000000037,
    -0.09999999999999742
  ],
  "cal_f1": [
    0.4468371467025572,
    0.5373134328358209,
    0.30078125
  ],
  "mean_cal_f1": 0.428310609846126
}