checkpoint,epoch,selection_reason,bias_file,bias_D,bias_A,bias_S,raw_f1,calibrated_f1,auroc,checkpoint_sha256
best_auroc.pt,7,best_auroc,checkpoints/best_auroc.bias.json,0.8000000000000034,1.0000000000000036,1.2000000000000037,0.0974370560032131,0.44197843060105924,0.6797149739063516,61c0503a71afbe24e263aa7e6d0cd171b14585292111d1ae2097429e0de1387d
best_calibrated_f1.pt,7,best_calibrated_f1,checkpoints/best_calibrated_f1.bias.json,0.8000000000000034,1.0000000000000036,1.2000000000000037,0.0974370560032131,0.44197843060105924,0.6797149739063516,753bccecb237c097fd85fc8f90a928b7efb356d4e207f51661c8f73dde90d9cc
best_raw_f1.pt,14,best_raw_f1,checkpoints/best_raw_f1.bias.json,2.6645352591003757e-15,1.2000000000000037,-0.09999999999999742,0.41531770975923504,0.428310609846126,0.6680879852599865,f07748a9f15656381415fd6de99c753802ea551ff57e57afa8ab657ae2463554
best_robust.pt,14,best_robust,checkpoints/best_robust.bias.json,2.6645352591003757e-15,1.2000000000000037,-0.09999999999999742,0.41531770975923504,0.428310609846126,0.6680879852599865,f74b8c60acc303156e82a42e842a385bf9ff655c5d47b14af8b6a71b58fb3ab2
last.pt,15,last,checkpoints/last.bias.json,-0.5999999999999979,0.20000000000000284,-0.9999999999999982,0.4047124856474868,0.4220560253699788,0.6551986271839715,1615dca0d1ac4f062793389c0c5fe250c9a6a1face2b77d0498e60513d7af8ee
