{
  "rule": {
    "D": "full_dynaug",
    "A": "baseline",
    "S": "dynaug_lite"
  },
  "biases": {
    "D": 0.800000011920929,
    "A": 0.4000000059604645,
    "S": 0.550000011920929
  },
  "bias_step": 0.05,
  "bias_lo": -3.0,
  "bias_hi": 3.0
}