{
  "biases": [
    0.30000000000000293,
    -0.1999999999999975,
    -0.1999999999999975
  ],
  "cal_f1": [
    0.4215456674473068,
    0.4861612515042118,
    0.3205574912891986
  ],
  "mean_cal_f1": 0.40942147008023905
}