checkpoint,epoch,selection_reason,bias_file,bias_D,bias_A,bias_S,raw_f1,calibrated_f1,auroc,checkpoint_sha256
best_auroc.pt,8,best_auroc,checkpoints/best_auroc.bias.json,0.30000000000000293,-0.1999999999999975,-0.1999999999999975,0.40658903064252644,0.40942147008023905,0.6913112855387474,786c8d520e41aeefd90bdfcce2c6b380aad745a145502481385defde6b81a654
best_calibrated_f1.pt,9,best_calibrated_f1,checkpoints/best_calibrated_f1.bias.json,0.7000000000000033,0.400000000000003,0.8000000000000034,0.3524322606660353,0.42116741839151484,0.6897057630772926,2df47560eb62574f38962d9da38a0dd6ce292358fbedb9e9c758eda2159ad053
best_raw_f1.pt,8,best_raw_f1,checkpoints/best_raw_f1.bias.json,0.30000000000000293,-0.1999999999999975,-0.1999999999999975,0.40658903064252644,0.40942147008023905,0.6913112855387474,9e5cf73739defd3b964a368021c4050c8c78e5c38155b95d7a6709660e429b18
best_robust.pt,8,best_robust,checkpoints/best_robust.bias.json,0.30000000000000293,-0.1999999999999975,-0.1999999999999975,0.40658903064252644,0.40942147008023905,0.6913112855387474,60583486a5c17a79d3b8736a746d13f5a217e8881d21d2885dc04f3d6a4a359f
last.pt,17,last,checkpoints/last.bias.json,2.2000000000000046,1.900000000000004,2.2000000000000046,0.2780631288195468,0.38311682846793554,0.6440230952300966,618c19448e857dc693e5142cb4464d184f0564853e1887dc5502386dabcb335c
