{
  "biases": {
    "D": 0.800000011920929,
    "A": 0.4000000059604645,
    "S": 0.550000011920929
  },
  "per_class": [
    {
      "label": "D",
      "bias": 0.7999999999999865,
      "f1": 0.47191011235955055,
      "pred_pos": 0.37833333333333335,
      "prob_mean": 0.40137389302253723
    },
    {
      "label": "A",
      "bias": 0.3999999999999879,
      "f1": 0.5392781316348195,
      "pred_pos": 0.5016666666666667,
      "prob_mean": 0.4735170900821686
    },
    {
      "label": "S",
      "bias": 0.5499999999999874,
      "f1": 0.3745019920318725,
      "pred_pos": 0.28833333333333333,
      "prob_mean": 0.36642172932624817
    }
  ],
  "mean_f1": 0.4618967453420808,
  "f1_D": 0.47191011235955055,
  "f1_A": 0.5392781316348195,
  "f1_S": 0.3745019920318725,
  "mean_auc": 0.7016079419140229,
  "auc_D": 0.7085534653302391,
  "auc_A": 0.661436388508892,
  "auc_S": 0.7348339719029374
}