{
  "biases": [
    0.8000000000000034,
    0.9000000000000035,
    0.8000000000000034
  ],
  "cal_f1": [
    0.4489795918367347,
    0.5104602510460251,
    0.35403726708074534
  ],
  "mean_cal_f1": 0.4378257033211684
}