{
  "biases": [
    0.8000000000000034,
    0.6000000000000032,
    0.5000000000000031
  ],
  "cal_f1": [
    0.4509394572025052,
    0.5269230769230769,
    0.3793103448275862
  ],
  "mean_cal_f1": 0.4523909596510561
}