{
  "biases": [
    0.6000000000000032,
    0.5000000000000031,
    0.5000000000000031
  ],
  "cal_f1": [
    0.45179063360881544,
    0.5031982942430704,
    0.36548223350253806
  ],
  "mean_cal_f1": 0.440157053784808
}