{
  "biases": [
    0.6000000000000032,
    0.5000000000000031,
    0.7000000000000033
  ],
  "cal_f1": [
    0.4289044289044289,
    0.49794238683127573,
    0.3446153846153846
  ],
  "mean_cal_f1": 0.42382073345036303
}