score,any_label_pos,any_pred_pos@0.5,any_f1@0.5,any_auroc
max_prob,0.31666666666666665,0.4666666666666667,0.5191489361702127,0.6822079589216944
mean_prob,0.31666666666666665,0.4033333333333333,0.5,0.6811424903722721
three_logits_any_pred,0.31666666666666665,0.4666666666666667,0.5191489361702127,
