class,best_bias,best_f1,pred_pos_at_best_bias,label_pos
D,-0.4999999999999978,0.4658385093167702,0.32166666666666666,0.215
A,0.6000000000000032,0.5217391304347826,0.6366666666666667,0.2833333333333333
S,-0.09999999999999742,0.35797665369649806,0.29833333333333334,0.13
