class,threshold,f1,precision,recall,pred_pos
D,0.625,0.4716981132075472,0.3968253968253968,0.5813953488372093,0.315
A,0.35000000000000003,0.5242369838420108,0.3772609819121447,0.8588235294117647,0.645
S,0.52,0.366412213740458,0.2608695652173913,0.6153846153846154,0.30666666666666664
