name,class,threshold,label_pos,pred_pos,prob_mean,prob_std,prob_p10,prob_p25,prob_p50,prob_p75,prob_p90,precision,recall,f1,auroc,tp,fp,tn,fn
raw,D,0.5,0.215,0.45166666666666666,0.43380897438205374,0.2410804190900445,0.09793665483593934,0.20159392555554698,0.45687181750933326,0.6621658181150755,0.7369304736455281,0.3210332103321033,0.6744186046511628,0.435,0.708026794384371,87,184,287,42
raw,A,0.5,0.2833333333333333,0.4666666666666667,0.4606168407429424,0.20256144783670496,0.18055612097183854,0.2700481005012989,0.47546745340029395,0.6488621284564335,0.7179655690987905,0.3964285714285714,0.6529411764705882,0.49333333333333335,0.6804924760601916,111,169,261,59
raw,S,0.5,0.13,0.33666666666666667,0.35373920537272674,0.2164047861607322,0.07454928855101263,0.14076980886359997,0.34123686949412024,0.5562336469690005,0.6442016541957856,0.24257425742574257,0.6282051282051282,0.35,0.7219520581589548,49,153,369,29
