name,threshold,mean_f1,macro_auroc,D_f1,A_f1,S_f1,shrink,bias_D,bias_A,bias_S
bias_shrink_0.0,0.5,0.4261111111111111,0.7034904428678391,0.435,0.49333333333333335,0.35,0.0,-0.0,0.0,-0.0
bias_shrink_0.3,0.5,0.43050167584099874,0.7034904428678391,0.4486486486486487,0.4886128364389234,0.35424354243542433,0.3,-0.14999999999999933,0.18000000000000096,-0.029999999999999225
bias_shrink_0.5,0.5,0.43464450106511837,0.7034904428678391,0.4550561797752809,0.492,0.35687732342007433,0.5,-0.2499999999999989,0.3000000000000016,-0.04999999999999871
bias_shrink_0.6,0.5,0.4371382681642406,0.7034904428678391,0.45714285714285713,0.49606299212598426,0.3582089552238806,0.6,-0.29999999999999866,0.36000000000000193,-0.05999999999999845
bias_shrink_0.7,0.5,0.43970424881255393,0.7034904428678391,0.4553314121037464,0.5028790786948176,0.3609022556390977,0.7,-0.3499999999999984,0.4200000000000022,-0.06999999999999819
bias_shrink_1.0,0.5,0.448518097816017,0.7034904428678391,0.4658385093167702,0.5217391304347826,0.35797665369649806,1.0,-0.4999999999999978,0.6000000000000032,-0.09999999999999742
