{
  "biases": [
    0.6000000000000032,
    1.2000000000000037,
    0.8000000000000034
  ],
  "cal_f1": [
    0.45614035087719296,
    0.5215889464594128,
    0.336231884057971
  ],
  "mean_cal_f1": 0.43798706046485886
}