{
  "biases": [
    -1.2999999999999985,
    -1.5999999999999988,
    -1.2999999999999985
  ],
  "cal_f1": [
    0.46078431372549017,
    0.5166666666666667,
    0.34385964912280703
  ],
  "mean_cal_f1": 0.440436876504988
}