{
  "biases": [
    0.9000000000000035,
    1.1000000000000032,
    1.0000000000000036
  ],
  "cal_f1": [
    0.46632124352331605,
    0.5164644714038128,
    0.3380281690140845
  ],
  "mean_cal_f1": 0.4402712946470711
}