{
  "n": 600,
  "threshold": 0.5,
  "mean_f1": 0.4093709677419355,
  "macro_auroc": 0.700963289930366,
  "D_f1": 0.45161290322580644,
  "A_f1": 0.464,
  "S_f1": 0.3125,
  "D_gt_pos": 0.215,
  "D_pred_pos": 0.35333333333333333,
  "D_prob_mean": 0.3597661777523657,
  "D_precision": 0.3632075471698113,
  "D_recall": 0.5968992248062015,
  "A_gt_pos": 0.2833333333333333,
  "A_pred_pos": 0.3416666666666667,
  "A_prob_mean": 0.37941809616362054,
  "A_precision": 0.424390243902439,
  "A_recall": 0.5117647058823529,
  "S_gt_pos": 0.13,
  "S_pred_pos": 0.19,
  "S_prob_mean": 0.26542137772620966,
  "S_precision": 0.2631578947368421,
  "S_recall": 0.38461538461538464,
  "pred_csv": "/home/adodas/AdoDAS2026_folder_pth/outputs_folder_pth/a1/kfold3_baseline/ensemble/fold_2_official_val.csv",
  "manifest_csv": "/home/adodas/dataset/manifests/val.csv",
  "n_merged": 600,
  "n_manifest": 600,
  "n_pred": 600,
  "eval_title": "official val fold_2"
}