{
  "n": 600,
  "threshold": 0.5,
  "mean_f1": 0.38628341433437735,
  "macro_auroc": 0.6838519243377587,
  "D_f1": 0.4229607250755287,
  "A_f1": 0.4427860696517413,
  "S_f1": 0.29310344827586204,
  "D_gt_pos": 0.215,
  "D_pred_pos": 0.33666666666666667,
  "D_prob_mean": 0.3911505043429012,
  "D_precision": 0.3465346534653465,
  "D_recall": 0.5426356589147286,
  "A_gt_pos": 0.2833333333333333,
  "A_pred_pos": 0.38666666666666666,
  "A_prob_mean": 0.4344255611052116,
  "A_precision": 0.38362068965517243,
  "A_recall": 0.5235294117647059,
  "S_gt_pos": 0.13,
  "S_pred_pos": 0.25666666666666665,
  "S_prob_mean": 0.3266573282983154,
  "S_precision": 0.22077922077922077,
  "S_recall": 0.4358974358974359,
  "pred_csv": "/home/adodas/AdoDAS2026_folder_pth/outputs_folder_pth/a1/kfold3_baseline/ensemble/fold_1_official_val.csv",
  "manifest_csv": "/home/adodas/dataset/manifests/val.csv",
  "n_merged": 600,
  "n_manifest": 600,
  "n_pred": 600,
  "eval_title": "official val fold_1"
}