{
  "n": 600,
  "threshold": 0.5,
  "mean_f1": 0.4147555651037497,
  "macro_auroc": 0.6896460731393738,
  "D_f1": 0.4259634888438134,
  "A_f1": 0.5064220183486239,
  "S_f1": 0.3118811881188119,
  "D_gt_pos": 0.215,
  "D_pred_pos": 0.6066666666666667,
  "D_prob_mean": 0.5505102410508941,
  "D_precision": 0.28846153846153844,
  "D_recall": 0.813953488372093,
  "A_gt_pos": 0.2833333333333333,
  "A_pred_pos": 0.625,
  "A_prob_mean": 0.568006864959995,
  "A_precision": 0.368,
  "A_recall": 0.8117647058823529,
  "S_gt_pos": 0.13,
  "S_pred_pos": 0.5433333333333333,
  "S_prob_mean": 0.4691389100936552,
  "S_precision": 0.19325153374233128,
  "S_recall": 0.8076923076923077,
  "pred_csv": "/home/adodas/AdoDAS2026_folder_pth/outputs_folder_pth/a1/kfold3_baseline/ensemble/fold_0_official_val.csv",
  "manifest_csv": "/home/adodas/dataset/manifests/val.csv",
  "n_merged": 600,
  "n_manifest": 600,
  "n_pred": 600,
  "eval_title": "official val fold_0"
}