{
  "ensemble": {
    "n": 600,
    "threshold": 0.5,
    "mean_f1": 0.4261111111111111,
    "macro_auroc": 0.7034904428678391,
    "D_f1": 0.435,
    "A_f1": 0.49333333333333335,
    "S_f1": 0.35,
    "D_gt_pos": 0.215,
    "D_pred_pos": 0.45166666666666666,
    "D_prob_mean": 0.43380897438205374,
    "D_precision": 0.3210332103321033,
    "D_recall": 0.6744186046511628,
    "A_gt_pos": 0.2833333333333333,
    "A_pred_pos": 0.4666666666666667,
    "A_prob_mean": 0.4606168407429424,
    "A_precision": 0.3964285714285714,
    "A_recall": 0.6529411764705882,
    "S_gt_pos": 0.13,
    "S_pred_pos": 0.33666666666666667,
    "S_prob_mean": 0.35373920537272674,
    "S_precision": 0.24257425742574257,
    "S_recall": 0.6282051282051282,
    "pred_csv": "/home/adodas/AdoDAS2026_folder_pth/outputs_folder_pth/a1/kfold3_baseline/ensemble/official_val_ensemble_raw.csv",
    "manifest_csv": "/home/adodas/dataset/manifests/val.csv",
    "n_merged": 600,
    "n_manifest": 600,
    "n_pred": 600,
    "eval_title": "official val ensemble"
  },
  "fold_0": {
    "n": 600,
    "threshold": 0.5,
    "mean_f1": 0.4147555651037497,
    "macro_auroc": 0.6896460731393738,
    "D_f1": 0.4259634888438134,
    "A_f1": 0.5064220183486239,
    "S_f1": 0.3118811881188119,
    "D_gt_pos": 0.215,
    "D_pred_pos": 0.6066666666666667,
    "D_prob_mean": 0.5505102410508941,
    "D_precision": 0.28846153846153844,
    "D_recall": 0.813953488372093,
    "A_gt_pos": 0.2833333333333333,
    "A_pred_pos": 0.625,
    "A_prob_mean": 0.568006864959995,
    "A_precision": 0.368,
    "A_recall": 0.8117647058823529,
    "S_gt_pos": 0.13,
    "S_pred_pos": 0.5433333333333333,
    "S_prob_mean": 0.4691389100936552,
    "S_precision": 0.19325153374233128,
    "S_recall": 0.8076923076923077,
    "pred_csv": "/home/adodas/AdoDAS2026_folder_pth/outputs_folder_pth/a1/kfold3_baseline/ensemble/fold_0_official_val.csv",
    "manifest_csv": "/home/adodas/dataset/manifests/val.csv",
    "n_merged": 600,
    "n_manifest": 600,
    "n_pred": 600,
    "eval_title": "official val fold_0"
  },
  "fold_1": {
    "n": 600,
    "threshold": 0.5,
    "mean_f1": 0.38628341433437735,
    "macro_auroc": 0.6838519243377587,
    "D_f1": 0.4229607250755287,
    "A_f1": 0.4427860696517413,
    "S_f1": 0.29310344827586204,
    "D_gt_pos": 0.215,
    "D_pred_pos": 0.33666666666666667,
    "D_prob_mean": 0.3911505043429012,
    "D_precision": 0.3465346534653465,
    "D_recall": 0.5426356589147286,
    "A_gt_pos": 0.2833333333333333,
    "A_pred_pos": 0.38666666666666666,
    "A_prob_mean": 0.4344255611052116,
    "A_precision": 0.38362068965517243,
    "A_recall": 0.5235294117647059,
    "S_gt_pos": 0.13,
    "S_pred_pos": 0.25666666666666665,
    "S_prob_mean": 0.3266573282983154,
    "S_precision": 0.22077922077922077,
    "S_recall": 0.4358974358974359,
    "pred_csv": "/home/adodas/AdoDAS2026_folder_pth/outputs_folder_pth/a1/kfold3_baseline/ensemble/fold_1_official_val.csv",
    "manifest_csv": "/home/adodas/dataset/manifests/val.csv",
    "n_merged": 600,
    "n_manifest": 600,
    "n_pred": 600,
    "eval_title": "official val fold_1"
  },
  "fold_2": {
    "n": 600,
    "threshold": 0.5,
    "mean_f1": 0.4093709677419355,
    "macro_auroc": 0.700963289930366,
    "D_f1": 0.45161290322580644,
    "A_f1": 0.464,
    "S_f1": 0.3125,
    "D_gt_pos": 0.215,
    "D_pred_pos": 0.35333333333333333,
    "D_prob_mean": 0.3597661777523657,
    "D_precision": 0.3632075471698113,
    "D_recall": 0.5968992248062015,
    "A_gt_pos": 0.2833333333333333,
    "A_pred_pos": 0.3416666666666667,
    "A_prob_mean": 0.37941809616362054,
    "A_precision": 0.424390243902439,
    "A_recall": 0.5117647058823529,
    "S_gt_pos": 0.13,
    "S_pred_pos": 0.19,
    "S_prob_mean": 0.26542137772620966,
    "S_precision": 0.2631578947368421,
    "S_recall": 0.38461538461538464,
    "pred_csv": "/home/adodas/AdoDAS2026_folder_pth/outputs_folder_pth/a1/kfold3_baseline/ensemble/fold_2_official_val.csv",
    "manifest_csv": "/home/adodas/dataset/manifests/val.csv",
    "n_merged": 600,
    "n_manifest": 600,
    "n_pred": 600,
    "eval_title": "official val fold_2"
  }
}