{
  "n": 600,
  "threshold": 0.5,
  "mean_f1": 0.4261111111111111,
  "macro_auroc": 0.7034904428678391,
  "D_f1": 0.435,
  "A_f1": 0.49333333333333335,
  "S_f1": 0.35,
  "D_gt_pos": 0.215,
  "D_pred_pos": 0.45166666666666666,
  "D_prob_mean": 0.43380897438205374,
  "D_precision": 0.3210332103321033,
  "D_recall": 0.6744186046511628,
  "A_gt_pos": 0.2833333333333333,
  "A_pred_pos": 0.4666666666666667,
  "A_prob_mean": 0.4606168407429424,
  "A_precision": 0.3964285714285714,
  "A_recall": 0.6529411764705882,
  "S_gt_pos": 0.13,
  "S_pred_pos": 0.33666666666666667,
  "S_prob_mean": 0.35373920537272674,
  "S_precision": 0.24257425742574257,
  "S_recall": 0.6282051282051282,
  "pred_csv": "/home/adodas/AdoDAS2026_folder_pth/outputs_folder_pth/a1/kfold3_baseline/ensemble/official_val_ensemble_raw.csv",
  "manifest_csv": "/home/adodas/dataset/manifests/val.csv",
  "n_merged": 600,
  "n_manifest": 600,
  "n_pred": 600,
  "eval_title": "official val ensemble"
}