{
  "biases": [
    -0.3999999999999977,
    -0.3999999999999977,
    -0.2999999999999976
  ],
  "cal_f1": [
    0.46774193548387094,
    0.5227272727272727,
    0.2857142857142857
  ],
  "mean_cal_f1": 0.42539449797514317
}