{
  "biases": [
    0.6000000000000032,
    0.6000000000000032,
    0.8000000000000034
  ],
  "cal_f1": [
    0.45885286783042395,
    0.5048543689320388,
    0.3419354838709677
  ],
  "mean_cal_f1": 0.43521424021114347
}