fold,n_train_participants,n_val_participants,n_train_rows,n_val_rows,D_train_pos_rate,A_train_pos_rate,S_train_pos_rate,D_val_pos_rate,A_val_pos_rate,S_val_pos_rate
0,2800,1400,11200,5600,0.21571428571428572,0.2825,0.12892857142857142,0.215,0.28214285714285714,0.12785714285714286
1,2800,1400,11200,5600,0.21571428571428572,0.2825,0.12857142857142856,0.215,0.28214285714285714,0.12857142857142856
2,2800,1400,11200,5600,0.215,0.28214285714285714,0.12821428571428573,0.21642857142857144,0.28285714285714286,0.12928571428571428
