{
  "biases": [
    0.5000000000000031,
    1.400000000000004,
    0.30000000000000293
  ],
  "cal_f1": [
    0.44761904761904764,
    0.5040128410914928,
    0.3458646616541353
  ],
  "mean_cal_f1": 0.4324988501215586
}