{
  "biases": [
    -0.1999999999999975,
    -0.09999999999999742,
    0.10000000000000275
  ],
  "cal_f1": [
    0.42857142857142855,
    0.49061032863849763,
    0.29313543599257885
  ],
  "mean_cal_f1": 0.40410573106750164
}