{
  "biases": [
    2.6645352591003757e-15,
    -0.09999999999999742,
    0.10000000000000275
  ],
  "cal_f1": [
    0.43656207366984995,
    0.47877358490566035,
    0.3270868824531516
  ],
  "mean_cal_f1": 0.414140847009554
}