{
  "biases": [
    0.30000000000000293,
    1.400000000000004,
    0.8000000000000034
  ],
  "cal_f1": [
    0.4383561643835616,
    0.49642857142857144,
    0.3365695792880259
  ],
  "mean_cal_f1": 0.42378477170005296
}