{
  "biases": [
    0.400000000000003,
    0.400000000000003,
    0.5000000000000031
  ],
  "cal_f1": [
    0.47913446676970634,
    0.5247657295850067,
    0.3311827956989247
  ],
  "mean_cal_f1": 0.44502766401787924
}