{
  "biases": [
    0.30000000000000293,
    0.5000000000000031,
    0.5000000000000031
  ],
  "cal_f1": [
    0.4425287356321839,
    0.5285171102661597,
    0.3655913978494624
  ],
  "mean_cal_f1": 0.4455457479159353
}