{
  "biases": [
    0.8000000000000034,
    1.1000000000000032,
    0.6000000000000032
  ],
  "cal_f1": [
    0.47191011235955055,
    0.5140562248995983,
    0.358974358974359
  ],
  "mean_cal_f1": 0.44831356541116935
}