{
  "biases": [
    0.20000000000000284,
    1.1000000000000032,
    2.6645352591003757e-15
  ],
  "cal_f1": [
    0.44321329639889195,
    0.5098684210526315,
    0.3076923076923077
  ],
  "mean_cal_f1": 0.420258008381277
}