{
  "biases": [
    0.9000000000000035,
    1.1000000000000032,
    1.400000000000004
  ],
  "cal_f1": [
    0.4709141274238227,
    0.5325443786982249,
    0.345679012345679
  ],
  "mean_cal_f1": 0.44971250615590885
}