{
  "biases": [
    0.20000000000000284,
    1.5000000000000036,
    -0.1999999999999975
  ],
  "cal_f1": [
    0.44352617079889806,
    0.5204582651391162,
    0.28978622327790976
  ],
  "mean_cal_f1": 0.4179235530719747
}