{
  "biases": [
    -0.09999999999999742,
    0.5000000000000031,
    2.6645352591003757e-15
  ],
  "cal_f1": [
    0.45698924731182794,
    0.5193370165745856,
    0.35766423357664234
  ],
  "mean_cal_f1": 0.44466349915435205
}