{
  "biases": [
    -0.4999999999999978,
    -0.699999999999998,
    -0.2999999999999976
  ],
  "cal_f1": [
    0.44761904761904764,
    0.519650655021834,
    0.332378223495702
  ],
  "mean_cal_f1": 0.4332159753788612
}