{
  "biases": [
    -0.1999999999999975,
    0.6000000000000032,
    0.20000000000000284
  ],
  "cal_f1": [
    0.49169435215946844,
    0.5048923679060665,
    0.3858267716535433
  ],
  "mean_cal_f1": 0.46080449723969275
}