{
  "biases": [
    0.5000000000000031,
    0.9000000000000035,
    0.6000000000000032
  ],
  "cal_f1": [
    0.44986449864498645,
    0.5072992700729927,
    0.3575757575757576
  ],
  "mean_cal_f1": 0.4382465087645789
}