{
  "biases": [
    0.5000000000000031,
    0.7000000000000033,
    0.9000000000000035
  ],
  "cal_f1": [
    0.45077720207253885,
    0.5039370078740157,
    0.36024844720496896
  ],
  "mean_cal_f1": 0.43832088571717454
}