{
  "biases": [
    1.1000000000000032,
    1.2000000000000037,
    1.3000000000000043
  ],
  "cal_f1": [
    0.47305389221556887,
    0.516504854368932,
    0.36947791164658633
  ],
  "mean_cal_f1": 0.45301221941036235
}