{
  "biases": [
    0.5000000000000031,
    0.9000000000000035,
    0.8000000000000034
  ],
  "cal_f1": [
    0.4528301886792453,
    0.5275862068965518,
    0.34545454545454546
  ],
  "mean_cal_f1": 0.44195698034344755
}