{
  "biases": [
    0.5000000000000031,
    0.400000000000003,
    0.9000000000000035
  ],
  "cal_f1": [
    0.42359249329758714,
    0.4964871194379391,
    0.3072100313479624
  ],
  "mean_cal_f1": 0.4090965480278295
}