{
  "biases": [
    0.9000000000000035,
    0.6000000000000032,
    1.0000000000000036
  ],
  "cal_f1": [
    0.38791732909379967,
    0.46740858505564387,
    0.25984251968503935
  ],
  "mean_cal_f1": 0.371722811278161
}