{
  "biases": [
    0.5000000000000031,
    1.3000000000000043,
    0.8000000000000034
  ],
  "cal_f1": [
    0.4556213017751479,
    0.519163763066202,
    0.3381294964028777
  ],
  "mean_cal_f1": 0.4376381870814092
}