{
  "biases": [
    -0.5999999999999979,
    -0.09999999999999742,
    -0.799999999999998
  ],
  "cal_f1": [
    0.43717277486910994,
    0.48366013071895425,
    0.3273657289002558
  ],
  "mean_cal_f1": 0.4160662114961067
}