{
  "biases": [
    1.5000000000000036,
    2.2000000000000046,
    1.900000000000004
  ],
  "cal_f1": [
    0.46905537459283386,
    0.5187601957585645,
    0.3855421686746988
  ],
  "mean_cal_f1": 0.45778591300869903
}