{
  "biases": [
    0.7000000000000033,
    0.7000000000000033,
    0.7000000000000033
  ],
  "cal_f1": [
    0.4536082474226804,
    0.5074626865671642,
    0.34309623430962344
  ],
  "mean_cal_f1": 0.43472238943315605
}