{
  "biases": [
    0.10000000000000275,
    1.1000000000000032,
    1.3000000000000043
  ],
  "cal_f1": [
    0.4392764857881137,
    0.5177865612648221,
    0.32642487046632124
  ],
  "mean_cal_f1": 0.42782930583975237
}