{
  "biases": [
    1.1000000000000032,
    0.9000000000000035,
    1.2000000000000037
  ],
  "cal_f1": [
    0.4038095238095238,
    0.49328859060402686,
    0.3181818181818182
  ],
  "mean_cal_f1": 0.4050933108651229
}