{
  "biases": [
    1.2000000000000037,
    2.100000000000005,
    0.9000000000000035
  ],
  "cal_f1": [
    0.46321525885558584,
    0.49324324324324326,
    0.3779527559055118
  ],
  "mean_cal_f1": 0.4448037526681136
}