{
  "biases": [
    0.6000000000000032,
    0.400000000000003,
    0.9000000000000035
  ],
  "cal_f1": [
    0.45701357466063347,
    0.5392781316348195,
    0.3409090909090909
  ],
  "mean_cal_f1": 0.4457335990681813
}