{
  "biases": [
    2.6645352591003757e-15,
    1.1000000000000032,
    0.30000000000000293
  ],
  "cal_f1": [
    0.46153846153846156,
    0.5102739726027398,
    0.3805309734513274
  ],
  "mean_cal_f1": 0.45078113586417623
}