{
  "biases": [
    1.0000000000000036,
    0.8000000000000034,
    1.3000000000000043
  ],
  "cal_f1": [
    0.45454545454545453,
    0.5303643724696356,
    0.3333333333333333
  ],
  "mean_cal_f1": 0.4394143867828078
}