{
  "biases": [
    0.7000000000000033,
    0.6000000000000032,
    0.7000000000000033
  ],
  "cal_f1": [
    0.3811881188118812,
    0.4444444444444444,
    0.30985915492957744
  ],
  "mean_cal_f1": 0.378497239395301
}