{
  "biases": [
    0.5000000000000031,
    1.600000000000004,
    1.1000000000000032
  ],
  "cal_f1": [
    0.4688427299703264,
    0.5017921146953405,
    0.3569023569023569
  ],
  "mean_cal_f1": 0.4425124005226746
}