{
  "biases": [
    -0.2999999999999976,
    2.6645352591003757e-15,
    0.30000000000000293
  ],
  "cal_f1": [
    0.43050847457627117,
    0.486810551558753,
    0.29116117850953205
  ],
  "mean_cal_f1": 0.4028267348815187
}