checkpoint,epoch,selection_reason,bias_file,bias_D,bias_A,bias_S,raw_f1,calibrated_f1,auroc,checkpoint_sha256
best_auroc.pt,6,best_auroc,checkpoints/best_auroc.bias.json,0.8000000000000034,1.1000000000000032,0.400000000000003,0.32551534715143277,0.42246173167270284,0.7231223331560809,5890d946913db05ad4db0e6d85203762787fae8dcd695b81c6f1ade11963cc7d
best_calibrated_f1.pt,6,best_calibrated_f1,checkpoints/best_calibrated_f1.bias.json,0.8000000000000034,1.1000000000000032,0.400000000000003,0.32551534715143277,0.42246173167270284,0.7231223331560809,0392cd15cfa262dd6580c7d6060ea8c32acc8abe3d3b592a9e2e23b2f1041fed
best_raw_f1.pt,3,best_raw_f1,checkpoints/best_raw_f1.bias.json,-0.2999999999999976,2.6645352591003757e-15,0.30000000000000293,0.39546346116384207,0.4028267348815187,0.6958233968992174,3635bb3cbc3ca268eb3ce4d33b8d9e8978ad53e48808587c3edec8cc4ed67845
best_robust.pt,3,best_robust,checkpoints/best_robust.bias.json,-0.2999999999999976,2.6645352591003757e-15,0.30000000000000293,0.39546346116384207,0.4028267348815187,0.6958233968992174,2d75d34e2945a8f9ad5a5f52576cb049b88a1413053f63bcf0d212fc6f13f711
last.pt,14,last,checkpoints/last.bias.json,1.3000000000000043,1.400000000000004,1.900000000000004,0.21810835284453375,0.409799986223566,0.6966262811049683,4aea7687d37ef2ea76f6a1ffc96a26895c5f6758d2964f9b90b3dc2e817c0514
